0.03394702960021538,-0.026284294218824073,0.05065685158133529,-0.03280298437906864,-0.11407120607044446,-0.10044991558320501,-0.10067766543756905,-0.05694076015737313,0.16398252660776194,-0.15236635040311394,0.042308145684904964,0.034968632900188944,0.09368706569368998,0.06522688442468404,-0.08983536085988499,0.02366445334990237,0.023020426325469513,0.0675578089013514,-0.033110095624671106,0.01400277559155567,0.068354726053678,0.10006278109209733,-0.10139335519230563,-0.05337127141516371,0.05888914845435314,-0.118456037469573,0.04648674713392871,-0.08856990835666147,-0.013895603303684652,-0.030779024273226686,0.1889078230334163,-0.06248267524493769,-0.029219780711495474,-0.16126416046059483,-0.06604480178538903,-0.10835921417239326,0.11564776211157543,-0.2589406530192083,0.007882507174729428,-0.046694143646987776,-0.00763953283124367,-0.07722636238991948,-0.010548755096957534,-0.18382551258668778,-0.14032862376120941,0.20342104106382897,-0.11265404856845718,0.03295709310498274,0.11271317178963668,-0.22759122262971052,-0.03281822643274655,-0.11233861635868825,-0.0504539268082844,0.011834967127792279,-0.21592148648142828,-0.33444711817359973,-0.14367062309423778,-0.07453054585831442,-0.19718975058482394,-0.008617137707022847,-0.12742369537412535,-0.10786313178561738,0.14418467867310514,-0.18601300910682922,0.063069340057527,-0.06511212743377619,-0.051817347099588525,-0.011289984053336002,-0.01354024526373563,0.13023973654043813,-0.009247291811043374,0.07091371165812352,-0.04790250974140619,-0.09539943832830965,-0.11333756030912759,0.0381916417522029,-0.11663474101341627,0.05770728069081504,-0.03568713582352885,0.007360565705541936,-0.1019363933671196,-0.023487877519124838,0.015365261306098244,0.07666269069558718,0.05071212620148096,-0.19220572460204083,-0.09714710554417799,0.0003682908690832972,0.014864837191053158,0.1599220222255887,-0.0485233822140882,-0.10085549504861971,0.004994845840458062,-0.15269864913506012,0.041260982036157585,0.026588726083411438,-0.029606092235294354,0.05210590605497538,0.1571303629093776,0.04660167332261229,-0.16774236236138387,0.10077805412853341,-0.029340715259161303,0.005728570841103585,-0.05401568878748104,-0.18659131495080986,0.21276869064502132,-0.17024072979124286,0.019791285935862234,0.20663913184705998,-0.043775777019932426,0.09560588508599749,0.027038685333815846,-0.22114976963349184,-0.09755616190154671,-0.09327520659635187,0.05393624952126516,-0.14990956774616634,-0.0026289937308661498,-0.14733221086711798
-0.15329060046794013,-0.24147833731220847,-0.16601122715448466,-0.12984766123008148,0.020009950718378664,0.1879677208870935,-0.033975327691807965,-0.08814692988511866,-0.16459832807934882,-0.14428595466780372,-0.05611377032030423,0.01943578625960871,-0.015878573617854837,-0.015785956739244524,-0.10353427512362708,-0.07366236737435433,-0.04591472879758993,-0.009974262652549123,0.021608051763484213,0.037822039088528076,-0.1588004107232966,-0.00049724174723305,0.05318570865368466,-0.015410693981775215,0.0027498238593281522,-0.014328942496601174,-0.23751830326948217,0.03960432555241571,-0.024777588174271392,-0.007772270703628344,0.007855118706408622,-0.08348905920836554,0.10283595463784162,0.03070984538449273,0.02081601793283029,0.0786027330786351,-0.23973093221332856,0.014380746460321881,-0.2053351015838513,0.04260495493835977,-0.02941886664709495,-0.07820276916618171,-0.028729968906944486,0.014351760072158524,0.062385046176741794,0.15035792574441562,0.19086006209803041,-0.1430435824116337,0.1568058677059587,-0.0698152434186086,0.039521317829438365,-0.12050823526042627,-0.00720894790406747,0.053627760277759035,0.1465186931480178,0.033082454615961356,-0.07707043033985721,0.26556830324610964,0.0909439597767373,0.1797819576608442,0.063557311972584,0.07032697603554448,-0.22758254817844828,0.06371167949316482,-0.04578438590634691,-0.059222909867720934,-0.12846477822701122,0.07637644660505166,0.030728623259840812,-0.13782296231506,-0.07845887447248658,-0.1163002445124532,-0.10521341820832929,0.0711524143148815,-0.1376113474559868,-0.05688182740622058,0.022990910846610223,-0.07404301109525963,0.016385661452508703,0.038331677097989666,-0.07366060743388514,-0.08803356673121901,0.10100711964506404,-0.08351833642414647,-0.05068345136554275,0.025904007671944708,-0.041791737585786116,-0.04232244959307256,-0.20460055701245441,-0.054418672892021694,0.07013611016845965,0.06621924474774618,0.024787693900147106,0.013025733730464607,-0.12356656389935748,-0.08602236963398079,0.035150878500893795,0.04259519789905477,-0.05765921477914389,0.021753066646099294,-0.004767230947412969,-0.09223292430708417,-0.2616906135691575,-0.04613159919719263,-0.011413526303096826,0.07337722969774466,0.16197394919572736,-0.09127344894585959,0.13895865272093746,-0.0797322929719364,0.01250902592073181,-0.08536457584045841,0.008797122401824136,-0.07746654549490323,0.03593896988474434,-0.030528049365446508,0.05120719842799248,0.10106432646822382,-0.20431154258624684,-0.0853087724228031
-0.005346872794385517,-0.06783262617820623,-0.13300360114444143,0.13128519633995048,-0.03142998263884719,-0.10821200771309065,-0.005241099269047157,0.11753102127939745,-0.0818388016193091,0.009156317877382235,0.10639369050596625,-0.20723901075925322,-0.015618832492177685,0.06193895954601686,0.11234845448495695,-0.017604512437583902,-0.22344681629152707,0.037045554686762676,0.04466103882026498,-0.013250359517766,-0.16120191939952522,-0.15447955888066944,-0.05928064317265411,-0.048690774873108654,-0.1409720565772726,-0.10580420088897369,0.0061080640901076694,0.09836010900216424,-0.006727373941685763,-0.13957217482077974,-0.01082403625182824,-0.035385268962669636,-0.0959303191397688,0.018732350722599198,0.02486921625183464,-0.09261696101853674,0.10977096398803947,0.037253958942703995,0.017048063699774258,-0.006711228065766864,0.10056556315568227,-0.15906192596265994,0.05882186873441355,-0.0350994062697536,-0.0812267461217126,0.003594867264488857,0.1630899035150342,0.08292599719040851,0.05590863658674365,-0.13587050493279004,-0.06349163122573587,0.0006759514753730701,-0.08465467585555125,-0.02120346171688042,-0.009161468462278922,-0.06602577853764108,0.09636312576477457,-0.1393958425378111,-0.04861425764586976,-0.02956389147003443,-0.05509274382186516,-0.08623265041413161,0.03115905948156647,-0.10189262246985306,-0.006437023626779853,0.01143634002737824,0.06584005379113154,-0.06141814259521769,-0.011844297409092937,0.038615059530314653,-0.06504298058182105,-0.1409074947629353,0.059586923668270876,-0.1415333594260979,0.06127429752039572,-0.14569665172218182,-0.1662565516165476,0.1214221933467424,0.002040014268566631,0.03008872496138955,0.05086638413938548,-0.08060770535390657,-0.21463577366864425,-0.006805860358605688,0.2069643487849646,-0.060689196136252434,0.03726356377381664,0.10977873097007793,0.0552380160101965,-0.25900409159797533,-0.1260211177183559,0.005365428220041756,0.13306725175925999,-0.04508536682630458,0.01807907137035907,-0.0623679195962804,-0.10659280707765717,-0.21640903213966328,0.08362431412711578,0.07702711144687929,0.00873549153840407,-0.0033601024181240374,-0.086320308250311,-0.21381749076393944,-0.2717348679918089,-0.033038559072635185,-0.036584527560701685,-0.05409901320681772,0.1067267800471044,0.019223589009300608,-0.2408756737040006,-0.0052124841522843465,0.06576284229281153,0.030407080501698103,0.019503667583697117,0.06747689204199013,0.03870232528912611,-0.11305818890928532,0.013296825113353655,0.012411416293994679
0.08887398740773848,-0.138083415180174,-0.006902578290503107,-0.03379310408836663,-0.01074015182218599,-0.13191949089241886,-0.00671258866156963,0.10855685236905385,-0.044090605915116515,0.03864032851237143,0.07785812581732549,0.005655713649040133,0.051249370523370204,0.011287487190662023,0.14587041765524278,0.10526781537145351,0.01168036979460831,-0.016643534884242125,-0.001077256315163647,-0.00887533293011881,0.16348296239599291,0.003965294073987136,0.12305533999275642,0.028702891338703497,-0.1378244655952069,-0.1284759575609293,0.03622316137196535,-0.1330862333901248,-0.09925324806396413,0.2303328467352523,0.012534167913080698,-0.2016965287787877,0.05143345506770266,-0.08507134194966505,0.0812671805026468,0.10770566702236091,-0.14808292051643773,0.22850511387423345,0.04507497038638929,0.14314365788481784,-0.010783391378177302,-0.01098340975856905,-0.015170670989382042,-0.22287355084259375,-0.025214292069895686,-0.006981625827388357,-0.030847891239107018,0.07094942704537684,0.12404291264209281,0.06552414502888311,0.07221817970738116,-0.032250929337508734,-0.06310341243124237,0.2041724220098385,-0.00202356670094211,0.013510922554273922,0.15772107731965407,-0.05687014426503159,-0.16729771145958755,-0.055607877569032176,0.059201354983436316,0.09476041353706918,-0.038182074194895714,0.0974756612285724,0.0012870040605759683,0.11313637298024463,0.058110854802390026,-0.22662886731456464,-0.1127724706246088,-0.09691580668174217,0.06878461405319423,0.0022248447548364717,0.07366504226740801,0.006564300944767715,0.030066620596345767,-0.07617617727067319,-0.026744756179634833,-0.007987035084652159,0.01766717490871338,0.005644573514879589,-0.07812105967236882,0.048149445001042596,0.10911461937537653,0.09251453338466074,0.06384309766433077,-0.08608797746373226,-0.07106851844029757,-0.043007818643384925,-0.09442914799832472,-0.02169749599168269,-0.04682285465255319,0.11593504443107844,0.01424234075494147,-0.042853114592011216,-0.18781736087739356,-0.2007511302078313,-0.01848213952778621,-0.007395672605696647,-0.1593400344277432,0.010813839742282345,0.07928140132041833,0.01056909436603243,0.03710005327441271,-0.05471265601764361,-0.10397192837461963,0.11733940633921888,-0.06337763379640127,-0.03189327414378217,0.05067460128986916,-0.04693702184273476,-0.028393994313134014,-0.12242578853416465,-0.029763700111261775,0.14271319644349717,-0.23853400121804286,0.05521532063249078,0.02423720990495558,-0.02725101063376978,-0.15021936980238848,0.1302458947972316
-0.02283921800993081,0.04020412205931029,-0.025640916864349036,0.15485853750619205,0.14692848137068892,-0.08425585244536403,0.054383201169770516,-0.15309174304739712,-0.16408268349040855,0.031318389501896166,-0.11951788532610691,-0.05232385463249642,-0.03691832665607611,-0.03752046101532872,-0.01627009394884106,-0.03385640296202012,-0.0715525140293683,-0.18492244586063306,0.006541325135172218,-0.14424555395901564,-0.03051014345564961,-0.05651319565777109,-0.027274154215814972,-0.021410421249694764,0.1456870645719915,0.06127921600424484,-0.22957267842585477,0.012876027270192453,-0.13920800410639705,-0.09546153966586247,-0.20786792327849124,0.067422023913894,-0.12527562178040424,-0.10866542731971114,-0.1223868594172171,-0.031872747799073904,-0.08572614647652255,-0.2950091946081603,-0.06349525284221974,0.050024637804842,-0.04652936070276415,0.0578646781125705,0.07037363703062159,-0.10958295439936785,-0.12973094182461573,-0.04754253927920749,0.07616692385060053,-0.14771153718761973,-0.2174320359606051,0.1408308587845014,-0.12836794343878674,-0.02009571171596996,0.046216697769430354,-0.09131244265450042,-0.048603026251986106,0.006167289921611632,-0.13128410037887003,-0.08692342838473899,0.03651094398603997,-0.0072029949181344165,-0.330512076054426,-0.058248748636648855,0.1144633941532817,0.008132184571825133,-0.21679798738767664,-0.05309156227140391,0.10257512931574927,-0.13826586649546818,0.01876808457448935,0.028478173722101388,0.08274713230448319,-0.030962837576367582,-0.20564087336822376,-0.12451360181117475,-0.12463426164846415,-0.06211837543662683,0.023127396415578868,-0.21029875975611884,0.02486229937910449,-0.010612675723316029,-0.19681716850761088,0.05128190185427476,0.0494681165329666,-0.011316834992127704,-0.265662241196271,0.1755330691373519,-0.09721051631281533,0.15745435747883074,0.14123743122602705,-0.07570967475137014,-0.043088151436917486,-0.0496833290460055,-0.10582289195881645,0.32208410960134265,0.04316620382914328,-0.059905192990832114,-0.06974360049775344,0.14406959099377747,-0.03512261577352936,0.17153886562814746,0.12640806536551039,-0.27076689527983105,-0.060486371650427154,-0.15598424416040102,0.038307294934027854,0.07410414180641822,0.12755136049499297,-0.036059421172921206,0.015031850817945416,-0.12334602812907274,-0.020450346517619247,-0.12289702710173427,0.07322846212662654,0.07208122134236077,0.07569099097605643,0.047060194982621595,-0.02189834875388493,-0.02129116809674686,0.04779791706956567,-0.004318344973046886
0.13498456738311954,-0.008734649283590233,-0.014990604936493216,-0.014443371390221045,0.0034287167642345785,-0.08410417984413168,-0.10951510818023405,0.08858504212172662,0.07028739902329151,0.09109477256227759,-0.030933445553282975,0.015339752997981147,-0.046669924104095935,-0.04430409688708977,-0.057308255534290906,0.06895364239510984,0.10062140777263402,-0.12022315938183797,-0.1473000227652077,-0.09385989060420313,-0.09483574771919948,-0.10803005832246862,-0.16925390992950826,0.02857710198148131,-0.0010759782337577395,0.01314998220479531,0.009763349162129622,-0.020474938451621554,-0.02414411535276354,-0.04162886646428978,0.09800560349550833,-0.018015125413221308,0.023362803641592947,-0.21196954655901012,0.11083038359781232,-0.03195130478434845,-0.06769788210672623,-0.08495852627576309,-0.1021587931128672,-0.003293584579387594,-0.008506331256668677,-0.0418972248227244,0.021066873677876515,-0.10096998661476252,0.026111530144306686,0.13983942732017204,-0.08810536175482808,-0.16535550397212087,0.06427560656051788,-0.029435606399306126,-0.22297451401812113,0.12946212906953924,-0.04794483860662089,-0.08074834789905683,-0.07967716006642797,-0.09335553132523372,-0.032786864821087384,0.0047134203339455425,-0.0974936161751741,0.13547697069364165,-0.006147410892738519,0.0692454479451766,-0.002646581249742447,0.1301402575337266,0.13429690550483775,-0.07101181636676844,-0.030755095951541415,-0.0581979866167836,0.14073649878911293,-0.02198056235024652,-0.25126944038962395,0.03720587680535886,-0.06633448108509979,0.036281375240545054,-0.033565888757501855,0.0925461818537482,0.021000862991896723,-0.06773293391487764,0.09591404227972618,-0.1757412007335554,-0.05928525372811751,0.1137253919852318,-0.08885361623115332,0.010444523971892812,-0.06152843002091585,-0.1669088843534278,-0.08750855979851344,-0.07549540280076952,-0.007191547236973055,0.022344605428861585,-0.03486473345695266,0.004237009872044478,-0.10730168777577265,0.04747060764155594,0.16936085773664541,0.01892003001968119,0.20651293171580948,0.12610824531132012,0.007681154924410993,-0.038966910822633344,-0.18233507049858652,-0.028235834982357766,-0.013480223742465748,0.09168557483443067,0.01836193321133998,-0.20720051142447432,0.09118246626444697,-0.11285288331995719,0.11509174685959002,-0.1727016688565306,0.010416792725456129,-0.040698624086013074,0.058277274150789815,0.058204411084324684,0.10557061685125549,-0.008944541494073182,0.1516323992993782,-0.06851575356989097,0.0005970724449661446,-0.20127949732527783
-0.13915734496719204,0.047849056326211115,-0.12628695673420415,-0.21241490931768678,0.1635793504579395,-0.21001879189182346,-0.20425675604438973,-0.025322470535637288,-0.06694953692155999,0.1025512028719503,-0.09031517017855585,-0.04264435216067466,0.025608998404731544,-0.015262766442182656,-0.06922528791918374,-0.04047169712361921,-0.08355363697501955,-0.022206701798807613,-0.07880622965657347,0.005910177315075531,-0.07869498315677816,-0.0032184005391946383,0.011479022863881928,-0.24232391116270116,-0.1325885963176741,0.010513900683143822,-0.20765019142130656,0.149577061345285,0.18853473868183676,-0.00023044017682036122,0.09160045110369312,0.035334265537764,-0.11332435621410594,-0.013824983887497892,0.00043661239140814175,-0.008364452261100448,0.04103783380972249,0.020024401954920595,0.05559648262855235,0.07494539493036292,0.004928911492508974,-0.025912895567371058,-0.015828749606585635,0.13144322641489267,-0.020077288250505,0.02154733704347142,0.031013333784211297,0.16288240774555365,0.024235580148898123,0.15754338428484424,-0.010682465831846273,0.033498852646681954,0.1174176703667644,-0.30365525590421344,0.05532772267262593,0.08852134001566964,-0.20312548639432026,-0.0429950369717035,-0.15024827704094293,-0.0018054484257736406,-0.16025626849138244,-0.18670550900998395,-0.04489359523458234,0.09485080671689662,0.024748009688836347,0.07369859929660233,-0.07007580049655902,-0.1407941384438059,0.01811253116868341,-0.05917359967150493,0.012365881640324228,0.139434009377126,0.09693703607598407,0.06568878752129721,0.05494702305518932,-0.143688465135303,0.2132440516216057,-0.00045984306684399706,-0.02694061435585352,-0.01576605168663954,-0.013756845070413899,-0.19571804284950262,-0.0159719254142406,-0.022882853485781597,-0.06790777466516848,0.08348649505210823,0.06843224669615766,-0.023166352022792384,0.06544286821627429,-0.03200941348088282,-0.01577762899646181,0.08384096447352883,-0.09161867505779485,-0.05734338583012304,-0.07591337770311353,-0.12125176567119422,0.007479868169450635,-0.028087119222341757,-0.13012730899173452,-0.06257070403390529,0.24876003571792735,0.05633420693775152,-0.07395507029572831,0.048241982072931705,-0.0581163165341999,-0.14257637278956292,-0.1754422932225587,-0.04578106257677609,-0.014530158227168638,0.055188731921318554,0.006909112494512898,0.00888389321696063,0.05669340552445601,-0.11342212610448009,-0.03822124286524431,0.030468712480413666,-0.0005450941920095253,0.09812783601740628,0.14100301189651118,-0.08090967269805806
0.03909725411975388,-0.07431601961619094,0.22994143428119804,0.12060552091375334,-0.0026418311006652186,0.11984630426747622,-0.014326098488478137,0.14212319380233154,-0.08751291400322148,-0.15289692974877817,-0.008000197753795677,0.03652538011139922,-0.11460042498170707,0.02848917461458786,-0.03448367163789514,-0.1642769085891829,-0.03155326107091851,-0.08570230983387553,-0.04158718052694216,0.13725719342565493,0.12708788659214212,-0.014804763535007282,0.025242586582169504,-0.20490732387174582,-0.2045637679059834,-0.043644122735397514,-0.042097359849314744,0.07209328656883883,0.16202255947251498,-0.06750399851707853,-0.003351413411251358,-0.02253801706596151,0.07109066055836638,0.04801693930820992,-0.03672253031848017,0.04932269266713451,-0.06506679820097742,0.022646705765156823,-0.0755110084434469,0.03286154791242289,0.0335697777535412,-0.03222504048663379,0.20001437602314934,-0.16022759115916796,0.02951725588462868,-0.04841269248130364,-0.09900413665765642,0.05235522051622271,-0.1229701662403466,0.0524594491319282,-0.10592478756457577,0.13101640985283075,0.058291133348054816,0.10548963716210454,-0.003095289228884432,-0.10622788577762693,0.16682864640798079,-0.055758780654331624,-0.11493500536884342,-0.05220825069014144,-0.011547334167131027,0.017909271375851642,0.09697846755960683,-0.011209845456720071,0.08209782836467563,-0.1382768314704337,0.10850069245612218,0.06256404618631659,-0.20284415467333258,-0.02593133254103184,0.0017168802701392634,-0.06291576300290803,-0.14140156417543454,0.05369073681992806,0.21988193247846893,-0.04533079209191718,-0.04736826532393071,-0.0743282346238579,-0.050855114387192916,0.006776983463994643,-0.2318274783053351,-0.1836074576608424,0.09808727673037854,-0.030291809446241574,-0.10039816116392071,-0.029003594209904844,0.018803397251626563,-0.012571203891401735,0.004948771302445916,-0.018047008387484995,-0.11463456170026091,-0.0655445882330875,0.017835198423440106,0.13371075152225254,-0.06309042049726805,0.14010668384209268,-0.022923069917614634,0.12123622413366791,0.03473412452914812,0.033039527630220375,-0.09588815457687563,-0.13939487483588373,-0.014835918511312305,0.11219288144306737,-0.0221602506414122,-0.043436239680591515,-0.10308757852969803,0.043829918569682866,-0.07322827375000694,-0.0326423714517791,0.06769123639502071,0.011360895685603337,-0.07156650745289234,0.028009446421120722,-0.11400264713190882,-0.02532293602909784,-0.08572188404515299,-0.10093116136822743,0.09370717455288957,-0.10000793829187245
0.00396706212129021,-0.08618956556090596,0.11563319028371173,-0.10140313201773095,0.22076322361181833,-0.09407144408640844,-0.11913901568413349,-0.04912706853424886,-0.12249657618516464,-0.16525978887463133,-0.0863717958512506,-0.03692706573260101,-0.0020261966817017273,-0.07792404289316003,-0.05297493448065351,-0.10012818636364572,0.07220417141754776,0.1437641435780303,-0.0008298581244346776,0.011394222384543608,-0.012995632758819708,-0.16536964061497908,-0.12353795385503412,0.07351018887953086,0.10002879610967097,-0.16917329107893347,0.07676605976106074,-0.09118431614302505,0.09001566018189283,-0.2021449277263877,-0.04665064387068975,0.030697506133362484,0.1655995593996781,0.1292143535812735,0.002878474495865187,0.018610676211413435,-0.11883650730665889,-0.003599283824570306,-0.15262111467521722,-0.17316104128558962,0.06602807684356862,-0.03587043771438978,0.02383847483401724,-0.06664588011904692,0.011359850847691907,-0.10422251654410221,0.014527717294678123,0.11670872631462777,-0.1957399067306112,0.06147273022966812,0.07730162833295685,-0.26441633464170416,0.019708580222016173,-0.010637562292408496,0.019040918271810137,0.08417500190034483,-0.029203342941480217,-0.13010018977496712,0.07029663093525719,0.019889995351244506,0.0358969618363081,0.018005260828323707,-0.05372462526830624,-0.08503791133019678,-0.15762472375809633,-0.006320621709317939,-0.02598974791465893,-0.0319120234801946,0.10559869289844727,0.12278158473529946,-0.06204976500473164,0.09656193677057333,0.22083734272541428,-0.10235007235690306,-0.014841967611093979,0.0646912356205294,0.049380540884763686,0.09247086125073865,0.07260124256830293,-0.10951971432371546,0.006045690681033807,0.05560070735835232,-0.13104777269811343,0.008829495963862765,-0.1746869348195903,-0.06966118681160795,-0.009537310700244897,-0.09301145989633361,0.1674212708627376,-0.08817034816834157,0.19311533513332688,-0.08250744763130358,0.020087111399741713,-0.19704354278009473,-0.013169753367896608,0.08619844678818826,-0.18309774739650916,0.057562986881783365,0.09732359623947402,-0.27999762533679595,-0.018299614011254753,0.04206577356440258,-0.002036312779403136,-0.07499524973351054,0.05169903799774067,0.009016451491752528,-0.07224106434780783,0.18473862384516412,0.05989346266585383,-0.06992785875324595,0.014543117732702988,0.13297097245543052,0.003389960673354686,0.16321678063448306,-0.09943769726081828,0.005316687048303318,-0.3168768924159009,-0.1701040487866372,-0.027779514755865268,0.14321281140441774
-0.11314302860496592,0.06686277719521695,0.0028647534134796475,0.11788174962864166,-0.09125883631913262,0.03853833269711235,0.08733000617090399,-0.02694106872697917,0.04490962961427483,-0.1377474831193217,-0.08643160566728515,0.0002569686677947711,-0.030197746325974488,0.11605571238204726,0.10632664050060599,-0.056801408878594514,0.0627943962833237,-0.06897488726548089,0.14193161967347573,-0.02667925368714203,-0.11605790276384438,-0.04787000062757555,-0.15177804243537932,-0.042546024134108504,-0.11046198915310355,-0.09288767071607705,0.1569861305054278,-0.010354553389857114,-0.025599534826932637,0.1447634486553092,-0.05023031784306564,-0.01294976048508793,-0.21770496762117234,0.08363721332643931,0.09223874532304546,-0.0126299332124206,-0.1001823805065317,0.10702320134912358,-0.11169759141063268,0.027869453413650352,-0.057600331657632856,-0.014166197639170397,-0.02414806623335071,-0.1191172957168229,-0.07928089293279178,0.035532782565349995,-0.17443242322316943,0.005832646325363308,0.020931448893907682,0.13239890994169648,-0.11781698435073185,0.11878239131953214,0.14311340448980522,-0.06397390231078956,0.16896597426608262,-0.014101313620317949,-0.10206510050242004,0.0035929665875473397,-0.050827307044766866,-0.01761625739083631,0.18098482638649602,0.06962681449388976,-0.12502627735148217,0.04437826482724514,-0.12775728080808377,0.011484826004451928,0.034112479542058254,-0.18371141046114986,0.1425160891659971,-0.14477217512453008,0.0010630156002724295,-0.037515901853876536,-0.019788377595866876,-0.1066436158233592,-0.05901749928666025,0.09175847591146608,-0.030678454981330653,0.059705384645729886,0.035461795716812565,-0.004916459332599479,-0.06444164354677892,0.012727025970880853,0.06163522049282477,-0.049696425144371274,-0.18148502046656348,0.07927978286347964,0.09677521452616059,0.10040800605568731,0.0542906686177084,-0.06822951847558144,0.036712942901478134,0.033068364097775624,-0.2653110355601433,-0.21267586120591436,0.09988822188235091,0.097427850511169,0.09721916235008254,-0.06871113482784326,0.0745441654755911,-0.0027638664598637125,0.07201778278518228,-0.08816643911227588,0.004024180508104794,0.026671941812014755,0.0633377174385782,0.09363385913197841,-0.17420064519511927,-0.007899501081268807,0.1104303854286806,0.041075573078331463,-0.004678912769319757,-0.10027598644649316,-0.007487884485958274,-0.04561654500581763,-0.017981620681572226,-0.0592235182335551,-0.024781105514492696,0.11985810405139885,-0.1514774096963929,-0.0321599336407758
-0.005168719597254041,0.046072681168953085,-0.026252404921466722,-0.1533902018634986,-0.18295789754035424,-0.09048779488613758,0.05221529023818133,0.08783993793934049,0.04833676118345516,0.040632656885923074,0.08419311797032944,0.17359948795574998,0.03612818111718559,0.07175484377206498,-0.038663910621003245,-0.09849800389113116,-0.15332051872968303,0.08191852671209898,0.002133776183726559,-0.018636101343917768,-0.22250952573605406,0.006197475302357281,-0.08867804168009841,0.07074128160489644,-0.05199444253255736,0.09017858067507709,0.10274845833307492,-0.07280176673089181,0.02693181354496725,0.020664232980883976,0.09143891947923276,-0.13249938220658203,-0.013578242554202627,0.08886196097705196,-0.03387781720226281,0.10690491198784513,0.0761439010273639,-0.053463875869324204,0.058134024342551084,0.1594392273241938,-0.026763622577478236,-0.05103377028433331,0.02153652257782769,-0.2683054885366811,0.010590989870532367,-0.08626077826411077,0.03060769870068422,-0.11508690854026647,-0.1637931137875524,-0.037530432591425175,0.03586686225774792,0.061948786559884395,0.013081157823334478,-0.17543462863804327,0.004238584810440418,0.11849403073639778,-0.03952977787654486,0.010382994061576509,0.004016158071221387,-0.15036957356305364,0.010951722263037266,0.08504146671739976,0.11678503020577037,0.0014460630129663745,0.07215138583408874,0.13117711939100904,-0.014300661891262417,0.08292223901487399,-0.06293385660210682,-0.03070393827021209,0.05915707492469172,-0.15129375101237136,-0.031174682233024293,0.06937834342641706,0.0964666810224612,-0.08184834873724821,-0.1539671034215091,0.03973072696301781,0.08677283535855361,0.019278757779645217,-0.01790535386166476,-0.10355244756583569,0.037777015491114736,-0.02705928738757565,-0.15435889638616068,-0.0007784790857148389,0.08734306633283223,0.001893339560573176,-0.13579239296102144,-0.12244262557891723,-0.0495034943001056,0.02343755053411184,0.1005588991061215,-0.029034366959963757,0.04985153660126013,0.012679807906725907,0.058270837434662576,-0.05507927559659528,0.11498982987359264,0.06986538909239412,-0.1387018422076699,0.06971144417200158,0.013415113955149278,0.04117450110384583,-0.05241835343035703,-0.13297760053635702,-0.08486232220194204,-0.1843008362442028,0.08068700967322444,0.1477702175629035,-0.13139072730994225,-0.22640268510147715,-0.08364036345013118,-0.03587486148910193,0.1498724909986168,-0.09259238418532288,0.0018740288310313317,0.07933673087575482,-0.034212832270443486,0.04300298103198603
-0.021937481700457187,0.12425645124745109,0.037791828211366056,-0.030275358590694433,-0.10943965078256707,3.2472192976785996e-06,-0.04412222131579703,-0.08623693890625092,-0.00015586311704285532,-0.15252298035831355,-0.01117033382743715,-0.012190916543663007,0.05223739925689931,-0.05681462407250722,0.033670341722995954,-0.023027855658439844,-0.14790362169366542,-0.0476741321491075,0.05340916068552113,0.07088864978066069,-0.08839889652069446,0.023536990254627493,-0.00308404676929268,0.004186992781638535,-0.018217452982172033,-0.06462524169342498,0.24929637102779117,-0.10057988537732905,0.01000827420427659,-0.04544072038398534,-0.13849881734535438,-0.09217386118167861,0.19483162242389965,-0.15562197144837198,0.05509337368045192,-0.09336865601649824,0.19595738642103333,0.01708409705443926,-0.20359847791703825,-0.1922665475902104,-0.05497985788921883,-0.07771276447230216,-0.05223938667678699,0.09587828854658367,-0.06371776908269042,0.09050507945835881,-0.0050747758889832925,-0.005151554906941268,0.03447883171516401,-0.21645153754477595,0.018024625380300707,-0.1057754627416935,-0.09587357189185523,-0.012383595875373497,-0.08976459577783523,0.0010296102908226889,-0.272282876488581,-0.14323483127328823,-0.05608784673478094,-0.05818671239649211,0.02857068729981771,-0.06275959154225841,-0.012566942263005596,-0.136584661623656,-0.01630282391320338,0.0006701169165905476,0.21491937262651528,-0.033396646981832305,-0.06881830576369473,-0.05972949454368275,-0.1334319698440593,-0.0017149186519012025,-0.03900322998857297,-0.0007172466238998054,-0.10240367003827605,0.06404903777457677,-0.02660333594095413,0.04461361664933448,-0.09593152559288566,0.0018291233850218505,-0.06604817972593975,-0.06634986659002287,0.2140663597759831,-0.012592846187849428,0.1662877039186369,-0.10297559735587605,0.02190590801179461,-0.15037394911281524,0.0626314507993965,-0.04519766264077682,-0.1139023796700455,-0.09050935787406589,-0.020692553483345894,-0.005582876433404168,-0.03314884276758394,-0.020849812464544634,0.14084403744735088,0.07552668466122574,0.028194066453919794,0.01658416658402751,0.014552262630381617,-0.15841490322610896,0.011801414398685591,0.04908958955191464,-0.04129900826761983,0.084662677817976,-0.1836820133957628,-0.12067235766455511,-0.13152564019091495,-0.16766357794393652,0.0659014864101529,0.1454436925279257,0.04501880269632767,0.03301615260601996,-0.04087405508114164,0.06215291906049598,0.030540155125073895,0.1686655894691338,0.06054946385834274,0.1458945003459066
0.03701781940470604,-8.093482512895394e-05,0.05592418757672643,0.05993873781569019,-0.09326304489395248,0.07546688198902875,-0.03674152058177129,0.08590429306236864,0.0424622644782377,-0.09147358035340877,-0.13832726714472351,-0.17797232215732484,-0.01997748443233075,0.12136508403917937,0.06193332176753628,-0.03660523842858296,-0.01885639993874821,-0.2229541746989955,-0.09256997792241946,-0.04525210802412622,0.07583995453280018,0.016339582374676885,0.04754580964168148,-0.2094620131901381,-0.08279435478449486,0.0631220461735486,-0.05783856644394981,-0.01709930383356889,-0.006110231140105739,-0.09189458337580188,-0.13084555881415844,-0.23650465961876804,0.007683852483907072,-0.1280757092064755,-0.22497898928537902,-0.20397715095835797,-0.11503004968682404,-0.060143097050274985,0.03139001273287073,-0.07080490790450014,-0.05513468874964144,0.10141587500001448,-0.13185734585636974,-0.06150139506616312,0.07480446719641276,-0.068364827572232,-0.18481886613966508,-0.12255734228639595,0.09328237063118544,-0.13576019399391528,-0.1554860186864283,-0.13091977505650257,-0.23193522008342024,-0.061468128710392096,-0.04978698423480485,0.08444801560002965,-0.013470568800029867,-0.067238636373516,-0.04677731550240617,0.2545502354932089,-0.04585848013081906,0.13734286791175662,0.03630766706791934,-0.078566397318376,-0.050058060320769926,-0.07598328958940383,-0.1783659405478056,0.007061678724656316,-0.0738976615672607,-0.023390339563124633,0.063310772604809,-0.004926572657186492,0.10611102285381248,-0.008425205378944903,-0.060075655257941125,0.000570964153485304,-0.02561020358433329,-0.1424721246841937,-0.005721446756149561,0.16739601200849097,-0.2315378258959355,-0.04109415402856836,0.08153520271203012,-0.13765061021153205,-0.12687613552680121,0.20024828459170899,0.003566001595618372,0.2940087680025394,0.005170828694382728,-0.013154980202686429,0.08627396351894728,0.20871880981859545,-0.03848006249349719,-0.07413535299620737,-0.11909876898585307,0.05025954039978684,0.11212394965267512,0.13337642106017586,-0.20198229237533014,0.07921390309757709,0.07320969943729426,0.1646086975394854,-0.05762121781615858,-0.1138408183920791,-0.05938827907947774,0.06176689943618749,-0.011729496306899633,-0.08471897679754357,0.1714861699764965,-0.14341614224719196,-0.13825813983629429,0.04722538914323631,0.03444755208925646,-0.06971506456942515,0.060413007033681874,-0.09113472994429375,-0.07676002753310415,0.04960357974301896,-0.09009200697811776,0.03846078342179848
0.0023141373934578917,-0.1424248627436335,0.097069613199188,-0.017946493628841695,0.05681547482284204,-0.10515018279054089,0.061211298247941165,-0.05729787679714323,0.14235822990721655,-0.11307637383853333,0.0725563546270963,0.05999066225677966,0.14973396905713382,-0.0769564539806747,-0.09632626739534969,0.07610576018781895,0.006767164677815508,0.021688555356556928,0.05982236786840376,0.00973432484739374,-0.1139007090233978,0.10873313757918923,0.020758644614454334,-0.0851614484931592,-0.05818205407750887,0.12943600492609592,-0.0027880710067494686,-0.108645388333503,-0.10898594140258104,-0.014473990258282339,-0.08233031447750234,0.08077383318844127,-0.09426058809788183,-0.05108261980966621,-0.09613970903971059,0.05938445971241795,-0.06729774004305407,0.003053119195313857,-0.006846346233715573,-0.20126621207569,-0.0607366021569986,0.02079554915340332,0.0650094003513362,-0.043158455677523765,0.13502403412053687,0.11752949248986207,-0.009772352358932456,-0.18924922332652944,0.11375979785611406,-0.027013557458975778,-0.14064929765022657,-0.01747530488376077,-0.13799039769647437,0.005408340540929208,0.051981821108677426,0.12020842521561825,0.1840806308543376,0.022601758585718307,0.07638754864217126,0.0717696981850972,0.03607209834159566,-0.06305849386596384,0.10660487640490914,-0.04129142265232497,0.015568754191901771,-0.02736317980752071,-0.006417953823493057,-0.12802393829521827,-0.046575739804645855,-0.06428011939827978,-0.03890329880856716,-0.0005146266448620573,-0.13921770989259846,0.09143182663226407,0.1621757562275505,0.1302811368335972,0.12663306259408108,-0.0515152289151357,-0.11388856498569952,0.06827079248546603,0.0006406745113699975,-0.010850146188174935,0.03299425152247833,-0.0673543059962554,-0.11378294603177314,0.1547847791702318,-0.13553016649226235,0.014408530546222095,-0.26069133401190125,-0.11375486081488362,0.019519954043633728,-0.11011520926720522,0.09468610181494497,0.2183698250820858,-0.005701098789463212,0.009265580852066335,-0.08999392420615165,0.15923452184242684,0.007834464481637734,0.06538132335585407,0.03470374179678304,-0.0806767247915559,0.0014755977577023869,0.07676141699951503,-0.05140787985300564,0.038441878112944625,0.08969019429488967,-0.14135539329891408,-0.01387119073692,-0.07378303812754165,0.05396243411108806,0.04209909689686818,-0.06443595716911488,-0.027541976317517085,-0.14152654208093673,0.059714446317589105,-0.11917247697750218,-0.014741580358840035,0.061990957968103964,0.2315894906566209
-0.16728925724536203,-0.043314369563395384,0.06612042172576774,-0.1234617836950417,0.054195665969677724,-0.266126390019532,0.015955040357955624,-0.0875732734710286,0.05184859107128044,-0.0743680974361567,-0.12203125413672727,0.009454608871813482,-0.13720355669523535,-0.06925495766938822,-0.10363312526152102,0.16336314570120122,0.04376997120818955,-0.01621862567514522,-0.1397757273110123,-0.08852327131367743,-0.03264209173354923,0.04424828653146089,-0.17180009686112038,0.08714321033540201,-0.09718907036237473,0.07242795278223793,-0.032166269450087284,-0.060872731404581895,0.006189717855538385,0.053683882105557204,0.0870637876618993,0.04788284073670841,-0.09224471177388939,0.10019272925914724,0.10355906725749717,0.06505759932959643,0.061816368547682306,-0.0731910082591601,-0.1287401859416389,0.055541992834319966,0.15629511242928684,-0.05191111869793804,-0.19420818042024415,-0.13834962246359275,-0.04574234209410445,0.037506542094065974,-0.09680460259059392,-0.034643763710787784,-0.2169986077898375,-0.03661303548184104,0.20748890262311018,-0.11172955071110172,-0.0023217381700648345,-0.11374257879725548,-0.12437397873878048,0.13087861326250863,0.14096448814464566,0.02045673671425409,0.18157955399133624,0.12416639651159368,-0.11441215320571607,-0.012420390001604328,-0.09766798355331599,-0.1561405579397097,-0.07127957129666966,-0.12071086077892249,-0.05683011847716064,0.23996484090041503,0.050503043698650024,-0.08097924886517018,0.14881852597974446,-0.05096938104702721,0.03098878422638618,-0.09874313304996177,0.012761976792024333,-0.043357283134137586,-0.061629953873568455,0.2022157754489643,0.19633488197874735,-0.0015158848119440254,-0.020537926685350764,0.06605225510916489,-0.033164605690182106,-0.10137617859184174,0.04760430039337798,0.08747518409905286,-0.02778162811051544,-0.028961905864120636,0.0442544818611074,0.04960778253752941,-0.05688299162544355,-0.21954102308808238,-0.006374110451643849,-0.03489888425167274,0.04817625280295742,-0.18521930159823363,0.18997164235955744,-0.15817594147229272,0.051726440923184916,-0.07996681303998338,-0.156071841022606,0.1122545361487956,-0.12775388196759535,-0.2207809558767221,-0.07439320580280398,-0.04775422828160959,-0.05590604083239453,-0.0338853474326748,0.08932340871048791,0.03248554623401012,0.05446441361919777,0.10174486850087375,0.02110732673905803,0.12107176220552973,-0.10867533367784578,-0.005853293592951402,0.025423173018394765,-0.041939147706542806,-0.03633437753607149,0.14777831505706593
0.015458557582745027,0.11223285768584952,-0.06129216883693213,0.003611565742180642,0.037566943790492205,0.03930709480745544,0.028583258734337348,0.0586807956421376,-0.05408847408200674,-0.06269012488776891,-0.1573585134031862,0.047526561669121184,0.05129582109780353,-0.10257884874983492,0.08747885251118127,-0.010752793011327833,-0.1602094665408325,0.12059132549629124,-0.08292020316096342,-0.061884391439067314,-0.06677912148953331,0.14650540564416853,0.05449524573880698,-0.029155673105387796,-0.04806672364106221,-0.14120949572766364,-0.09165148322242292,-0.02662875390218616,-0.012716205251821138,-0.10012361973735928,0.11811371173082949,-0.02650185085733663,0.27938202025811854,-0.08069618986813468,0.11326833825826266,0.07563613261204416,-0.026445456152057446,0.07957830074184423,-0.04709823373025896,0.0883354223931743,0.00507570359615395,0.02015023844237683,-0.14432478903636098,-0.15611218046675296,-0.052764200410346816,0.09992927962286637,0.08909207264337567,0.04567221910103288,0.0432455599869194,0.05340125246724146,0.09487685588891043,-0.10162135236414799,0.18307480680318672,0.003838986509080086,0.049296248381873575,-0.09267917585435007,-0.0775627546392239,0.056233922535662895,0.018969258342643174,0.09328885165959787,0.021644007188860927,-0.17143060254062736,-0.03368100917798591,-0.019747005662760202,0.05173887077031137,0.16615356502857315,0.0621695777211976,-0.015697178097933428,-0.03785189989814683,0.050813278749574566,0.052324213361560686,0.11388315197075426,0.08671532898637752,-0.03072186995635194,0.10033437121585635,-0.030683306336836677,0.13496740800287127,-0.13395169691958,0.018503173844674443,-0.10424829170787049,0.045541584142820724,-0.07765280638320862,0.10341041556610327,-0.14121051938208581,0.012903671631156933,-0.007590496181372849,-0.2289710882798014,-0.0028528426598036527,0.07159478547170531,-0.011769380342047608,-0.048688001909672686,-0.07856975184347172,-0.06099486780354724,0.062098182575784346,-0.028365713402472667,0.03556426569783852,-0.09653856338365459,0.22822543158875283,-0.15218340883163356,-0.11831150452236219,-0.07300535626299727,-0.06939586434795808,0.08986492035338758,-0.025594666824637076,0.053754320323823934,0.0663311152693971,-0.026980645774344607,-0.025799005016566703,-0.05342297399293395,-0.010325586599879715,0.07994678671776545,-0.00309372135958242,0.12304650762906223,-0.11135078396926075,-0.05001594854722147,-0.0834612968540873,-0.05884853495353545,-0.0010693310770131682,0.014926901432772012,-0.016318167645398177
-0.00025490506890458233,0.021059025255223122,0.006675458233466124,0.10090260491902481,-0.21534893864569132,0.25847946205260264,0.076372964583954,-0.0682320720376766,-0.04445705195483941,-0.23119093676028873,0.08283811971519044,-0.05962798206692354,-0.16853086366981598,0.058782483976383165,0.14493067386761707,-0.049635582182438534,0.03243124258082475,-0.08040855402762637,-0.23962165718223646,0.08696953738723705,0.3279144476823455,0.10511459346050277,0.035586310361166155,0.11933442283949096,0.004264452481433036,0.0869811834533301,0.09899523225958799,-0.04583411730970347,0.11663230892441047,-0.020250122481446784,0.19637638876953611,0.06538251592818713,0.02207787105128402,-0.09187827003581558,-0.042929602123045654,-0.03406154693655983,-0.07557064522528434,-0.05216997483652972,-0.007258004859592657,-0.057222122024666415,-0.05156558924683705,-0.08170051070645423,-0.07775790511642723,0.0425751089457532,-0.03461509391890821,-0.021800868259635956,-0.037213318595490465,0.07004770567212319,-0.07007640663083221,0.09102357323943985,0.08324916055911212,-0.005267365905239506,-0.011880439257257546,-0.09648444477664193,0.009090541415122812,0.021841982790078564,-0.18470419764190252,-0.02239744093785976,0.09038368870986922,-0.018945134623218274,-0.09622577360691371,0.1320195697413884,0.0037691599154661515,-0.1100298269043058,0.08859146492750111,-0.18362779928429304,-0.16492013875623257,0.08843593641959166,0.015093562295707599,-0.03246345224810097,0.01575434871015948,0.1468216220817111,0.20063787176597556,-0.19355008927433134,-0.036806916877589795,0.01038787428454811,-0.09429183640188758,0.05484739270757712,-0.14273155142832217,-0.022694621246575203,0.3105897291026165,0.002453678758508774,-0.10667908076047482,0.09142364852484086,-0.06974298617487441,-0.04942337411103671,0.20658943855070225,-0.04513195441125828,-0.018552896112291273,-0.06969348941658103,0.08000196747930359,0.05556840522105162,0.09772174339488716,0.09624937337809415,0.06687598577320296,0.025446475173334038,0.1386530786764825,0.10043432023773602,0.040755687647304084,-0.22234074750876692,-0.08007636439074114,0.03695928577007282,0.11275592053216921,-0.048324967033251356,-0.0277927801489856,0.08353497871940337,0.15139695912528991,0.03135541641892149,-0.08079970344292658,-0.05742830868402581,-0.12792665825865393,0.07174211304013453,0.03824598674824685,0.00909666202107893,-0.03739670343588363,0.04168052792208585,-0.0035213652057479415,-0.2721420621236421,-0.14079212473980882,-0.015149663232378
-0.07048247551559816,0.10142679506537061,-0.039832001056401875,0.08505393875363532,-0.039205285595574346,-0.21147489640083605,-0.10872713376949289,0.04180357966927731,0.08486333283634524,0.06277320949089983,0.0952435741842044,-0.11071900223292835,-0.03773704814579289,-0.1449093966600166,0.1315293157014006,0.12841297147923592,-0.061230131257986466,-0.006958253248233803,-0.12285499629568249,0.05817003731281746,0.030229898859657406,0.006601974612478495,0.0005650170771213971,-0.02030656879929115,-0.032933596810048614,0.22637088923084636,0.04079731086307295,0.04718826555482139,-0.004740135117743796,-0.007066637769693767,-0.01827967743459113,-0.03456264159407738,0.0011454449210391159,0.14439628420571723,0.0709101607591053,0.017130922440754013,0.041988332884577054,-0.0061656563020415075,-0.06822161377027179,0.05004434704636797,-0.21539454553888257,0.08100293845745249,-0.03591740864697196,0.20761244604074733,0.041553292045604984,-0.07964351227064129,-0.1054389743406896,0.10931062603285834,-0.10282906928533173,0.09069412106716927,-0.017365130078841978,0.0925481710349145,0.13040708665180847,0.043672433905460974,0.0012457831069825958,-0.06672664380047004,-0.0006952260355330541,-0.0924819060199114,0.012000742722267034,9.281527885546216e-05,-0.03346477012162068,-0.10807136601252106,0.057899123735980565,-0.15553147999231384,-0.15428219874792268,-0.00020738881235357699,0.051172642302454406,-0.021552815071122264,0.014124167708737425,0.04077158650618751,-0.1542780028248655,-0.10355318040141627,-0.052252764520103565,-0.060135016837649914,0.1029027942335738,0.03559387920374062,0.14265363103769427,-0.09155656102545007,0.05613645147269534,-0.03501509021949231,-0.004173242276609072,0.03787687143502809,-0.07161521354938216,-0.08982146827253332,0.17607653598852618,0.07539393358739083,-0.11373435720314876,0.11478917809857125,-0.03395805969494287,-0.04036870035513874,0.054383643668826344,-0.014576386632016387,0.01420663679991129,-0.04942202746775694,0.06765303196915683,-0.14760951868337022,-0.0022912461286027745,-0.13300331509595845,-0.030021601046859858,-0.05056436537682194,-0.06200684235014455,-0.03919908677349438,0.17868050042061645,-0.023930975510571807,0.11935853381629608,-0.13104481623285194,-0.04768621018549117,0.04597943239097401,0.05981136987215257,0.13691533074926007,-0.08504115635465942,-0.2231487098490764,0.12844479376087706,-0.09714957780751046,-0.009578544516277798,0.06397161054726712,-0.11084742074756569,-0.1493407887681731,-0.2144953406997484,0.06599700882412672
0.010061641315978143,-0.02712237324238888,-0.10256713267196411,0.13425354354739694,-0.20142898960616085,-0.076600189600186,0.11380071741852167,0.04607444352110462,-0.10952853418969831,0.10859343025834987,-0.050615653405754406,0.05966178016900771,0.27568682038839176,0.04225571545096006,-0.07056448517489816,-0.051998370769363214,0.02133947751127726,-0.2018308431520194,0.12197215795753591,-0.07345848509952577,-0.06876229173825425,-0.0700509233976964,-0.099012127260112,0.0729698268745792,-0.20741412791052438,0.04911757018061215,-0.06852112908817418,0.10359145821301063,-0.298490463568491,-0.05665822027864651,0.0797909254444688,0.10280943781264325,-0.0960408856602274,-0.21502682603410417,-0.0857309317572407,-0.13359186682261906,0.10622248432947447,-0.16421357629476568,-0.11978475890918237,-0.05331437199195317,-0.11103468009040399,-0.03425057099470939,0.047823992654947925,0.03372046085880209,-0.008339492793812305,0.21150654914251532,-0.0015461529062903451,-0.08421273219109109,-0.13946025700001022,0.06053271941894768,0.1061848959128712,0.00286885458620746,-0.07105231856144198,0.07582258753023459,-0.05168263809808961,0.044142683401651714,0.0007939469643153331,-0.0001007575766656653,-0.016413566898838338,-0.00706931174423543,-0.07509595965899006,0.0033434620831568904,0.11435892354446771,-0.16179093367448147,0.10176079547707803,-0.09335646284739045,-0.17422780048105885,0.23809807710413394,0.10828692976952348,-0.21866024923227412,-0.1175830259228911,0.12237783393110006,-0.09973925328791901,-0.09702752907202318,-0.025085180665219253,-0.04724004996480084,0.022755912799904344,-0.04146723093235265,-0.23394158250796807,-0.0418284223512085,-0.12712609563441205,-0.026709147216016332,-0.0811343159252278,-0.14619462161437838,-0.01145441152377573,-0.01002439964360524,-0.043865145503956586,0.08481150832221285,0.1900655142639124,-0.17822149539490043,-0.05466678787118521,-0.030953199126413873,-0.01398662026200741,0.2648384388387994,-0.1787117174103179,-0.17777861117832583,-0.004046039077880674,0.04747535450776844,0.1676939733774865,-0.024164558493106465,0.02996734188712198,-0.15996950355136325,-0.021725183622052998,-0.031341838576510045,-0.21464129789357025,-0.01995021426451332,0.05237962216071127,-0.12394720035203761,0.023313673304762687,0.12194074401126753,-0.08412721424726047,-0.04629523730719528,-0.18122226187735738,0.1893228601033373,-0.020836064424427207,0.0170818267587715,0.04776056098754719,0.09718073382940795,0.23495645746710905,-0.026375058381761813
0.060209472727854915,-0.043302081625177305,-0.038210109749046345,0.03395930275968916,-0.03771485183293169,-0.2896993039585174,-0.0880745288645207,-0.13348026412193728,0.2668619509878861,-0.027810045910067423,-0.2963153489425526,0.055083805337506814,-0.20388486602381678,-0.09249606110162725,0.07728030364944691,-0.066089769634855,0.14957492348838533,0.02897968148545743,-0.006259038137057579,0.0006327741929106329,0.04475604711680689,0.0017948811625514613,-0.08293420846920187,-0.11471833338112457,0.11414903385209166,-0.12374733038057009,0.016028867616396193,-0.055449750491402695,0.006986426349428033,0.0023100818926590125,0.026775256726636252,0.005372346848367793,-0.1728102346723974,0.05842498736325677,-0.0739899053496077,0.017773783778725998,0.12326543418503029,-0.10607062662197253,-0.09843587672241418,0.043330679926958014,-0.012551464974109272,0.1446207602110937,-0.05460042318854642,0.20424615321720277,0.0018020980391458144,0.06745056151097197,-0.04570616343428799,0.11169567592766437,-0.09150340317109316,-0.07323057023440072,0.13140865330286985,-0.2877622681125124,-0.15388281431152462,-0.05864277630792484,-0.005935371205825935,-0.05175373517110598,-0.09357350411864801,0.05990064064910015,0.11732630447652757,0.018390381533151586,-0.20017193422650778,-0.0671464384890734,-0.08146494555594971,0.08152767681716613,0.017463895461585735,-0.044380167956217846,-0.16102030569177866,0.14434136040480372,0.08967872109048726,-0.013782021619124606,-0.050465944828662075,0.022767909958005494,0.01030817186296534,-0.038903428960914074,0.16697972450123552,0.08958261480471325,-0.03110694459460901,-0.10547901252236881,0.0554101158220549,-0.007590004705008178,0.029937459563397342,-0.0806521142396464,0.023565576575909547,0.15397027867645624,-0.03587321317640892,-0.04548372429750364,0.047576239205557584,0.07607474690016157,0.18066218053107375,-0.06509250928352144,0.06951863963404571,-0.051802126096836945,0.03995005897429587,0.09142911630238054,-0.09059821574999935,0.19879596640578165,-0.12743259409368504,-0.09801715148931148,-0.1310114257903584,0.013911328218858269,0.09475565325558287,0.11254121062934348,0.17394529870595096,0.016335122105320257,0.21875846569485585,0.0025300632065651586,-0.057632859532956375,0.02750477848272187,-0.2009412336446515,0.029180950677330855,-0.17701660406440445,-0.054787426143204,-0.00817555125206036,-0.04818313955738311,0.04987149311604212,0.09059698483530736,0.07001216831386528,-0.01162019328632779,-0.014933389425261512,-0.1073468103506857
-0.0848972024999262,0.07907431476559902,0.08004754432536948,-0.09478210068294547,-0.13985402133989872,0.12733334326892207,-0.010578805702111109,0.1094158122340179,0.033861639885602444,-0.013037389464481556,-0.01378723920838495,0.03417350051608913,-0.011639776327386308,-0.22518129776346552,0.048322378998365646,-0.05777532890835005,-0.005308660372368562,0.00045823925737942104,-0.011529463694261555,0.07814863334587277,0.034303338282507076,0.09686159895331437,0.10262598614882365,-0.015928520154343755,0.0027035690900809994,-0.02592260449514004,-0.07208690625863651,-0.10065468008741299,-0.20536752927334914,-0.27713888908846646,-0.1748818427642461,0.23058724729556612,-0.03688581453842623,0.06628119727860497,-0.17297663828563029,0.014883874241329607,0.20110050050509062,0.2513088079429378,0.12394388958629865,-0.023379220346432923,-0.07734420665532543,-0.2188407178400339,0.058550431444418384,-0.026257339517854916,-0.04563926762853474,-0.030867385810286505,-0.03770287825344689,-0.03228819390622352,-0.15731392788504506,0.041694248900518954,0.03717850660793906,-0.08334181972788554,-0.00679774022708326,0.06417878238523404,0.16715147449940973,-0.0737947724948687,-0.019468413626525512,-0.09661926753489196,-0.05084544947890893,-0.05957939115486553,0.10940101243994237,-0.19716409704228227,-0.021657819261790986,0.06170526280984157,0.03857791090980025,0.041142062156195966,-0.012966273283583792,-0.16007654698361473,-0.01021803603202432,0.12786486644251938,0.049079379031469944,-0.18801156767857774,-0.00766888811993684,0.003862172860451991,-0.06133394255932319,0.1313282408749091,-0.012207297656902663,-0.07895931457778414,0.11921215491703273,0.013472780986832142,-0.12259864395526872,-0.06527806483020998,-0.20185236836948695,0.10119197468992243,0.14749634985306068,-0.05248537639915989,-0.045793194554881914,-0.19208500017822275,-0.28620588388691076,-0.15054824982967208,-0.039736874143775865,-0.14972004938384115,-0.11614949048119896,-0.11070260551429058,-0.03184036605936025,-0.040789735844807155,-0.049879775285591316,0.15754146960979012,0.06168902721149991,-0.049409438607846363,-0.014678999208383992,0.006251574300176806,-0.13638986090447908,-0.05821641346406497,0.15074710948654288,0.06727710418880342,0.1095313382863122,-0.07288090278218122,0.039137607263332375,-0.12063341707049613,-0.14473652466102416,-0.020934542990248838,0.04645652945913612,0.03857761132464786,0.1419958734627408,-0.02020384951104931,0.09454643972706347,0.14739165566894127,-0.019982957440460594,-0.047133402456445594
0.12692410653010222,-0.1003201912269664,0.12581449049255256,0.04735342798066327,-0.03896182036949389,0.13421738366237645,-0.16596385449155068,-0.15958732003501705,0.0215914857794616,0.194678889665116,-0.17248977565959683,0.14713643277518237,0.020707190394699867,-0.11276058152686941,-0.05484203590819523,0.04763106482773576,0.08800383252259211,0.03225185457050095,-0.013271323238170998,-0.03331714830617157,-0.15476631859333354,-0.19683131346685867,0.14668563690369812,0.10140082473173771,-0.040488370955427004,0.0876566173631273,0.17702646802277802,-0.026075834429754335,-0.0681187980472734,0.052518437051249436,0.03897542360409252,0.072174009621106,0.00785990706618086,0.031757807379505794,0.14132829612418799,-0.0155975538273916,-0.05241678808340674,0.009972060127526747,0.023886121129194544,-0.04848319986262721,-0.06870111650511838,0.1817858106587672,0.19782634106884486,0.03129480783471555,-0.12405068423947804,-0.08624863822353462,0.017856941799193605,-0.03342914504136117,0.06544030496853555,-0.09473331878799279,-0.10138824518817485,0.03154447489263509,0.16001378968802915,0.01519881962170715,-0.12705043039047284,0.06622664067109,-0.2874475158901144,-0.10995230632629148,0.2570529178911991,-0.02211098260928946,0.04132972934096736,-0.056484597666403305,0.13613828915064732,0.15696524828635833,0.027583622331517656,0.05983073908951321,0.12946578564205946,0.0960423446566618,-0.010690121622938363,0.14763028341047316,0.0053373175995434586,-0.02759766186206332,0.11771683692604284,0.12018920926479207,0.0007309167497151995,-0.009897582756397884,-0.05210529613954837,-0.23502415362383403,0.1056391935587651,0.03985867188535566,-0.09879174796972731,-0.04763766290349572,0.04575366798273833,0.029564472594756044,-0.1079153364985769,-0.016470247668043465,-0.15230805256663338,-0.1386822424574781,0.02033326367984269,-0.005935172413955076,0.02989970062699148,-0.07027216876998575,0.08543575315022651,-0.09456350668203295,0.1009148306480519,0.057160980669710565,-0.09300389970236063,-0.09419020946911202,0.10064074684854822,-0.06454510501714009,0.043421148592540745,-0.1054724353841926,-0.09995057073565361,0.06993927219504072,0.02493130081871771,-0.03814032079924111,-0.08691143621447728,-0.07725427531142373,-0.12753637798236192,0.08010796762550158,0.0403003624491129,0.018434888743078984,-0.16163267135665757,-0.2343967682371713,-0.12376637816087145,-0.15064396028995478,0.0033034135356875263,-0.061802504656885894,0.016034146172946608,-0.0027607259870752756
-0.01673790526163683,0.02628412319277277,0.061146287230878046,0.08654847436751537,-0.029114385265703414,-0.025942545549081576,-0.12173917504533818,0.04055821607826407,0.05381785983571941,-0.03036219074575145,0.0959308202863261,-0.21468336226760112,-0.00019980294557283147,-0.11607638654255292,-0.010443854523213352,-5.4514734139657134e-05,-0.012149214097313605,-0.15027523491175787,0.09700216869091732,-0.018818734798941406,0.1382037790786019,-0.1474161633287596,0.027405045415345955,-0.021615631594150194,0.08689361558290909,0.10673671786239687,-0.2066350408672871,-0.07831864926511678,-0.11358954363084231,-0.0035017259853006065,-0.0683951873326703,0.03370798879476429,-0.12121972371104596,-0.12727153970328203,-0.08385232772912972,0.024906598967658556,0.0643112327679189,-0.04459747259353328,-0.058066152959835,-0.0591710035131627,-0.014450229779300626,-0.09245894952030655,0.05406365456782056,-0.05577010304579893,0.046344169625829566,-0.07175369620171085,-0.1014439884301313,0.03291123302673822,0.03633816863465708,-0.008170575807227668,-0.1813069075792885,0.023295150708524483,-0.05664470976151938,-0.014561348103575686,0.050216841222939186,-0.08721310804256714,0.06601176880202939,0.12104300785693439,-0.11147376557794482,-0.05904945944248392,0.004705181082341564,-0.037601471070213235,0.1238693910489773,0.10886682641584085,0.003594016154287119,0.12828531918048874,-0.02603037761536313,-0.1099627713087116,0.0846237935616361,-0.04059715904903484,-0.006951048972088292,0.1159687278021515,-0.09696989353669958,-0.13456812928181672,0.018845733246386928,-0.02195033532148412,0.15672240801321122,0.19846377293690748,0.07074918208996667,-0.00372061400647259,-0.025978719195358754,-0.08742034131340745,-0.17821514227748286,-0.27804653737416785,-0.10045975199984358,-0.07599754001857206,-0.047353086042266734,-0.09699475494515833,-0.15817489919116387,-0.13821592185711348,0.13423432178750097,0.09944586662537779,-0.07868437820701264,-0.16183020561798553,0.13895688720046043,-0.10389392947794684,-0.07557185674538258,-0.17778510120744218,-0.011583410565128056,0.02494211375729327,-0.034306926755480346,-0.04920615325188456,-0.05884597365815405,-0.005063140314152261,-0.02370607042745848,-0.07259496299265383,0.15751150653687213,0.024648525381578343,0.09622557676995125,0.019058133119969508,-0.0042485571673628415,0.008191912865427045,-0.06015474680728443,-0.09765507904012412,0.04830399313527132,0.11953159093215232,-0.01690784497521873,0.10007817756829247,-0.01815890843313918,-0.11640139119074483
0.2069376414200983,-0.1136809067810885,-0.11862092439441584,-0.15811676323302418,-0.18609513316676496,0.15501439637369416,-0.13608901885853852,0.19137328365049946,0.07243006125056285,0.1047905570060091,-0.018760469170265165,-0.07652766146888419,-0.008236329302718587,0.03342958139999405,-0.05252776342614019,-0.07187449768877854,-0.11587812008377148,0.016465903957305274,0.05629756122650706,0.05943855842621241,-0.10470030456446783,0.08695852308264977,-0.07851557164086496,0.24669441041369805,-0.09147149332686248,-0.1276914297969298,0.11240285493091937,-0.08853434086718834,-0.0634348705290519,-0.08034651286713101,0.03964914989261443,-0.02054230500460242,-0.09007574613890167,-0.12964630149067474,0.13583442619826,0.0604885575471328,-0.07183769509274243,-0.03734331145786932,0.04891814540799354,-0.06647216376942673,0.03580535602009429,0.09701582937179312,-0.027559679285249647,0.1393850769323734,-0.021003339125219185,-0.335776645016136,-0.06539228408934007,-0.10286415677507893,0.12773245719343856,0.04453896204631198,0.14565348874962486,0.0290184890051847,-0.13575754153686703,0.05677304364221881,-0.04753810403569788,-0.050478151899703554,-0.04063713233497037,-0.03140317690857674,-0.14760663477476205,0.0038483640691711913,0.12582133078268024,0.016774461254571323,0.14475709374409718,0.00048492619947721914,-0.05204651656645515,0.002775872478619147,0.04426798311241973,-0.09590223386972772,0.12502486010276528,0.03340157901957996,-0.12308476202783722,0.057604424298366506,0.05318506967753997,-0.0720286136771804,-0.1643787399342761,0.16347337425261044,-0.03177826974370813,-0.036401293053438484,-0.08765653747695487,-0.06948441621141173,-0.016061482430557508,0.20248988196987872,-0.14592229531658224,0.022552918240503053,0.25334199742213137,-0.01746012018215649,-0.08145432328607304,0.007834068658687774,0.17410228704613337,-0.0017737338944590975,0.06673547703931529,0.11774217717736667,-0.13565519532151202,-0.121219616817433,0.08938553265200652,-0.1313360732970794,-0.10050287638102127,-0.20163292605433525,0.09884510024672147,0.017844756674091754,0.044955390215376395,0.035136503600437616,-0.056068953095275965,-0.020269529706849143,0.05282496171472029,0.07026786835462204,-0.05449944742984561,-0.023718554225870974,0.030437255855319117,0.002254030611531341,-0.03192767421893957,-0.027970603477548664,-0.11307937386057168,0.13424392185917827,-0.038903919169522586,0.28887975312808617,-0.09102637229895914,-0.07347780204292495,-0.057092796775658754,-0.07074658078984758
-0.00024755972979224455,0.10670106846762102,-0.004438222121212883,-0.06541900480391613,-0.13471492547846387,0.16877078110151433,-0.06318978839358294,-0.011273038208957037,-0.09852376971544229,-0.0013341343673903782,0.015917843870705196,-0.17132535977261942,0.03394417632306745,0.07533660892920027,-0.030168930271224092,-0.038212857973382836,-0.1154165241800931,0.028913101464235404,0.16007835673771856,-0.07425492444306042,-0.057023090095696054,0.1359896479962701,0.06606649441706185,-0.14977326682851888,-0.14708042913069108,0.13431193182665546,0.08808143217256684,-0.1198988757483483,-0.09727227092023183,0.04829771747425225,-0.26571363579020363,0.07172503862811377,0.07778168035815508,0.07966259691621044,-0.09927753361709107,-0.07073116028606594,-0.07524192509889817,0.025052141298917526,-0.04073881530228293,-0.06969927444132246,0.000995207302221377,0.07688636271732034,0.04323350137063169,-0.05462783872485854,-0.05624379161420732,-0.05494509732027731,0.13168960424900358,0.06398339015023942,0.043378891886277075,-0.19077491612964986,-0.08587584678565247,-0.03406942801039231,0.09182709623708446,0.27699391188860034,0.00017763620070320634,-0.16049255160222822,0.13039491987581023,0.05335690437352454,-0.08778429587841954,-0.0645085909159317,-0.050733549692170844,-0.08623616758963434,-0.2352688175510167,-0.026976320295664716,-0.15643913488196845,-0.16689384246128625,0.1500435244269353,0.12228105763148048,-0.11731952980666124,0.09775049730001883,0.06134549378393244,0.017387232475649283,0.00813406258756066,-0.054652642515787955,-0.019610641166169836,-0.12082744366806575,-0.003156152913336378,0.07554957235940515,0.03451410128947807,0.084724466639001,-0.07005107342232092,-0.01652670506074662,-0.048235885575688905,-0.09587891073356802,-0.047856207581056624,-0.07996674023128739,0.1882886778836991,-0.009433641868272554,0.038460476313254346,0.18143774156009299,-0.02039257985417557,0.07869933125887198,0.0516116407689477,-0.13076747082325632,-0.07344936623984265,0.00884767544409883,-0.022232933000117014,0.019853379778652445,-0.20608063531601561,0.012740561014558364,-0.09934666297461417,0.018798837758500546,0.014116773790329828,-0.07219950893817859,-0.17018390393949884,-0.11657820860135873,-0.03289418617835772,0.01149790466435218,-0.2237341101357882,0.11132650974958225,-0.11685334111681184,0.061877234643889584,-0.04547794421998996,-0.11233366015649968,0.0264742581246722,-0.1505566626290337,0.028233975737564723,-0.2117566203541324,0.12485597718752371,0.1619593797901489
0.06829121354712013,0.14518773848348143,-0.07148337019417887,-0.0733518289128587,0.02875437477258207,0.028535165473017616,-0.02830818380140674,-0.1467803441916955,-0.08742237088293034,-0.04714470444778797,0.17067015822192666,0.08079226839849918,-0.15985767664958034,0.04578534308392329,0.03053622314813409,0.021109759294589976,-0.19001462384555515,0.075860671218843,-0.10787857416224506,0.042806849405046005,-0.12149884308712389,0.03544455633148764,-0.10037838741815022,0.10511488644302201,-0.08784084268518308,0.024733521056264172,-0.08035888580866968,-0.014279639800205787,0.18429627243171876,-0.37325240213318767,-0.10317872446522475,-0.013928211709401917,0.15356965062804118,0.2672618359007128,0.03676029046696911,0.06074865493996102,-0.0455122393041213,0.01946404214188636,0.01424106415002132,0.06845527148678925,0.012062777650333067,-0.0158697440089808,0.08017072450046332,0.17319122593774966,0.05957747639736916,-0.1422199855306352,-0.10170699824457315,0.05353394117162604,-0.05456598906562249,0.01993445513279975,0.08840395081637958,0.1403748945362528,-0.056076198770475455,-0.13892608407880921,-0.08654094839077321,-0.08809996877501114,-0.061277439843585815,0.07081410947042976,0.08323318041845051,-0.032798146906139004,-0.09338192423383374,-0.032086673752622856,-0.05597895155034485,-0.09053714402119793,0.07096748657141182,0.047854145900740726,0.03468609530878202,-0.1042391955863083,-0.06733676460168103,-0.10066328158524179,0.16212615397720523,0.12102728709513123,0.055950799626616754,-0.22945617392323547,-0.013865665942194483,-0.09223470033260751,-0.05329481376451686,0.040373129848536395,0.14251921733936004,0.1308511963227953,0.06580503297133466,0.11467510804902745,0.00539020985686941,0.027350607817635986,0.10781573306465436,0.0511949157175998,0.024983025947140195,-0.09329555957091908,-0.14933879845668244,-0.0008461409698471436,0.05807879486326906,0.0037020154098594176,-0.1638037226496615,0.038095741425269,0.08652666088741322,0.22085297678498797,-0.020035497627105454,-0.10161968360760874,-0.02444311122512399,0.07080310169324765,0.09936414036760473,-0.020497988613978134,0.1488144260434153,-0.08012718530286989,0.10941383560280733,0.001714435031564749,-0.008018755015475772,-0.06648228250702011,-0.19985454766458918,-0.07627904497402477,-0.003722476878360973,-0.008898317421518372,-0.10846016749707299,0.050541465962074955,-0.13745129811661996,0.05185347059914923,-0.03953446734858006,0.11120564220167471,0.1147280672879829,-0.03682612297942406
0.014794770494585942,-0.0828787917091732,-0.0374395407528591,-0.11141578323106385,-0.2144722287939453,-0.05650576272612554,0.1478556770660232,0.08163312626370835,0.05680044222842055,-0.08348660519776535,-0.05410460504449363,-0.039590751385454315,-0.053531846134126544,0.11619403830987506,-0.10160192340850514,-0.0502965867848035,0.09317048666618832,-0.08218784318328969,-0.001154768399109743,0.03530181900271775,-0.07999433689247065,0.009744002881305202,-0.004395913760522037,-0.002414500548345426,0.015685298133064643,-0.1203226376829442,-0.009329813801206597,0.01866773725631522,0.16872488458297388,0.06231354327072278,0.052226425294557344,-0.07137608411858071,0.029604732386502134,-0.003893571621311696,-0.11599168938468915,-0.046586538654314474,0.024422917349154333,-0.07608786716510425,-0.09352407049842876,0.0159079593312337,0.10522362194098832,-0.0024323991068522285,0.03534197680958572,-0.04238289950608909,0.12060306679410025,-0.03275438651994004,0.1653448703805788,0.14254234710796293,-0.15493847068807565,0.02852515302721658,0.1406523814414562,-0.01194291440358584,-0.14721794862532633,0.0011241526276685302,-0.05762240444704616,0.03598283558674228,-0.031708635025193214,0.24126193375216826,0.04980180196583359,-0.05325075490209829,0.04910898272160341,0.06637417499135177,-0.05200667944954064,0.18632498659041827,-0.12136654000316774,0.10651550849529216,0.02177284855305515,0.01964678624942701,-0.2554750490064468,-0.009748870691781134,-0.16320552300457006,0.02770231432549081,0.05297521441490349,0.029996329636356112,-0.08839818052203846,-0.10826130814334772,-0.12075062022101024,0.2561271325162449,-0.12493222759907284,-0.05571507304440775,0.07245549757063226,-0.10407114668538071,0.07360888784913203,-0.10060385917658254,-0.1096828298710077,-0.1416845787513249,0.05053358081546967,0.06202479429036547,0.04229669195194448,0.06557548584335939,-0.12815912331684862,0.06947404913344768,0.019287731570435653,0.022488267939549743,-0.06282577693331193,-0.13814207055656055,-0.035090357669089335,-0.009615080272397634,0.016827397837326227,0.0007374006525838234,-0.01093304208874004,0.08024090896639877,0.14261732435756821,0.3162633174552046,-0.008203494112719093,-0.08336329371276222,-0.008638371150759641,0.01907199010539939,-0.08029369106412428,-0.04762924139849484,-0.0905079965539979,-0.09762939153461866,0.08726362033399525,0.03462118243303271,0.03883676641902958,-0.27538720781350623,0.0791106808011842,0.02226821530489503,0.016014398142207644,0.024927786605136087
-0.08442844272834547,-0.07842377285638229,0.022799130457379184,-0.024228004808367048,0.0416499241910372,0.07727538713679231,0.10584092374169568,-0.07245741132021957,-0.12246683341190165,-0.06841031962426629,0.09396267887612321,-0.17534024366457912,0.15860443451163925,-0.051033471350103825,-0.03843101430855276,0.009340279590981503,0.02987646763774009,0.09748455714932636,-0.09815217075810734,-0.16424606830766114,0.14121721013448713,-0.12110433987249579,0.13596335705448695,0.091422131413584,-0.043368213594513746,0.11788704267074183,0.0004739068926420311,-0.06310691402786216,0.006674096401357161,-0.13953530207458645,0.053479375390114936,0.08576868414135007,-0.02060217275585854,-0.20428159817226585,-0.11920616432441208,-0.06546514705551086,-0.12460093462809312,0.09910766693799529,0.02543941171374081,-0.08904589550643563,0.056418727462693934,-0.067924402890747,-0.11871036179407388,-0.021148692317881503,0.08739870470910303,-0.10417261023822669,0.11356787575709637,-0.03549531153644852,0.06415579946165811,0.13698852844109097,-0.025666717002434614,0.06882892846285191,0.331936547294824,0.007551815215034427,0.013325209585286865,0.0007315521843605937,-0.007993280528795358,-0.019367143410837912,0.04467168529982642,-0.119038078511899,0.01562781767915395,-0.06550179147929916,0.08323606526097634,-0.001148953689431317,0.21888728433553076,0.09039551177299432,0.015568202564534317,-0.1302138017837605,-0.05096688247047726,-0.0384740169360002,0.05595678108051959,-0.17091260700367883,-0.07159424749689926,0.07254583669928764,-0.12773818733664502,-0.03149529508823081,-0.11979820079639032,-0.11942169018419824,-0.27088141084035783,0.0767333898277155,0.005973019768104219,0.09562402958190015,-0.12916465684738676,-0.04217355790566525,0.07300392462899599,-0.02397992458550986,-0.15225288590431818,-0.09732592123350045,-0.035318100689885376,0.0694242477809805,-0.09870033318990395,0.17350910328934524,0.06939818288739415,-0.10215709612254657,0.15793563426618654,0.04139959406511232,0.02104810178023368,-0.008954703658793334,-0.04620647893851122,0.03816039443405166,0.06375435841858251,-0.16954020061137318,-0.11492137542682691,0.07410341164831774,0.0039927597860238,-0.02124445058082023,-0.14855744777804974,-0.048031067812614306,-0.10777110156227873,0.07349955968861709,-0.0202626995306361,-0.07191626947999344,0.05656892872788604,-0.0718231970900142,0.110855882327631,-0.01173600978816141,0.05021177535399337,-0.0574925060380649,0.1400470559124632,-0.034493479961572565
-0.22112488165767047,-0.10406297015867927,-0.04897789679781981,-0.05829076661687639,-0.12387430415601552,0.29262365884997416,0.006298376346699113,0.020142554202987828,-0.026129116632382102,-0.16747252244232835,-0.15039499563294495,0.08699471833847319,-0.0008441044042495338,0.028232842743693972,-0.08197867220892555,0.28122127721426676,0.06550728903630078,0.08916832288521559,-0.006135034532715407,-0.09401105001985617,0.1673666998907089,-0.036237831002813393,-0.13290229535888165,-0.1518987691117999,0.12882382297302356,-0.04749342682499232,-0.11589910760312735,-0.014862927380334016,-0.06736603230320592,0.03577301055392743,0.06857080713233925,0.02943333962885655,-0.10915241575050824,0.0008763520949095719,0.07009402887737919,-0.04861037928293289,0.05073021782390031,-0.06441952615658923,0.035961872289890846,-0.03031936593673064,-0.09969418637601889,-0.1824494389200529,-0.026501307639829556,-0.00404379252220988,-0.047762627986241264,-0.003888391122388256,-0.1935560555255877,-0.06661409941563533,0.05354699671624819,-0.022834146069453838,0.04229626173306701,-0.06654995383722823,-0.051546317937209575,-0.019775983677781966,0.07062802844521675,-0.0503616328524854,-0.06934021854361186,-0.09440730790419767,-0.006399897587745455,-0.09801446737683292,-0.14082543156176652,-0.18980130810476267,-0.046823128902263984,-0.0986962078886989,0.009855416778693954,-0.060484827436092965,-0.27051225411836277,-0.20755174480240046,-0.032144771024655294,0.10205627871279352,0.09534697476214685,-0.04810705656696596,-0.18861538784471255,-0.12470508493315278,-0.06240531211970419,-0.15071251912718212,0.0065050677376428,-0.08678116800786585,-0.0005201939995495448,-0.060121663080181686,-0.05042777695872498,0.08605490059052748,-0.06174420856157995,-0.11480702397552285,-0.011473898404259776,0.034010628106236486,-0.12168560918425407,0.0593867671501224,-0.02327130011472027,-0.03189618337064411,0.06479686978074305,-0.007678995119994298,0.151255842939895,0.13183991844404427,-0.22069097688144154,0.11977556212821137,0.04059656702006417,-0.12585026111540137,-0.07407444413258421,0.035917808555699,0.2325580806586135,-0.03361029503580861,-0.00152056877061392,0.17072288149192708,-0.07561174316530403,-0.09469218172659853,-0.06984387643901997,0.14904313302166114,-0.09305038408092137,0.03712303127206047,-0.11318996930593161,0.06071753682584729,-0.07366082319866245,0.014105233663655903,0.09043697268068401,0.0012270192358119177,0.09892909398647919,-0.035744172128999184,-0.07594517743244648,-0.22198732341462027
0.01695594785074586,0.13608045016083184,-0.05071915896375033,0.17191043492990007,0.10985676960393807,-0.03698461592809129,-0.0028223082755990513,-0.08541992500207941,0.043877379136558176,0.08720497153343737,0.0014824453646346044,0.09448813592187687,0.14311109110544243,-0.19134370139711185,-0.008171035516731519,0.021890744097385752,-0.15458927886728765,0.08861656456657967,-0.031794445295063,-0.07932250577195386,-0.001965850047030905,0.09263889682756897,0.0724134032276698,0.1530134503683819,0.1190342736560647,-0.03708430109372273,-0.1595644147790257,-0.09480451103247071,0.226934102881625,0.016737576239937844,0.021636086531119012,0.016289898515238488,-0.004721610663962859,0.054520880099176106,-0.07242770550126351,-0.09328795170172766,0.08079419900433728,0.08947947984318844,0.07610388606083557,0.066815558420077,-0.09826709364743944,0.001097749260947651,-0.08000349483197063,-0.14339822444664932,0.0638478887043175,-0.11657262760817594,-0.15934369445110047,-0.0768296943028785,0.01768660175295025,0.03781655010686564,-0.011413042209696606,0.034091670046363216,-0.06742426880667857,0.11396122043919546,0.05211727568179793,0.04609151616542352,-0.000379321195966849,0.08871474021899911,0.042731900683384866,-0.1411538841737737,0.10022082893620317,0.18457798377023757,-0.11888475386444908,0.07239144297165119,-0.08910680051670308,0.1608530455820723,-0.05642713746662879,0.16198885196286603,0.13078306649369748,0.1266021992982635,0.17402071460755716,-0.10867083305132402,0.09144835836587091,-0.13019046564350797,-0.06657920379398262,-0.08645534691130628,0.1601486856540103,-0.1578103022700186,0.026490873334049297,-0.0008158670975145296,-0.141901357259799,-0.012183220708704246,-0.03731942284615288,0.10907916779495364,0.029744626562240545,-0.15012699621612033,-0.007005696746210795,0.005359007291399805,0.059453655324657365,-0.052796731777492584,-0.003192072568777321,-0.09450682594353839,0.077927852891201,-0.021551037469925118,0.0807398154936407,-0.11030944124934089,-0.03697763492609897,-0.21477661424087788,-0.03729387735707915,0.00609867721072444,-0.1061262632686178,0.04203941961106286,0.08021237292478878,-0.11413387288255669,0.09147314556988925,0.16247029739061994,-0.04755883171305687,-0.08642302681208464,-0.24248039722888015,-0.011710647586291908,-0.053167648921014304,0.013966845122545209,0.035501670475588484,0.1372277402852016,0.09461081706231239,-0.11008079282079422,-0.00207004950773611,0.019277283742049477,0.04699036631275478,-0.06195347816586019
